{
    "config_file": "data.json",
    "coef_determination": 0.7329747078314375,
    "iterations": 1500,
    "learning_rate": 0.01,
    "theta": [
        [
            -0.8561391779414624
        ],
        [
            2.382353573674815e-16
        ]
    ],
    "mean_x": 101066.25,
    "mean_y": 6331.833333333333,
    "standard_deviation_x": 51565.1899106445,
    "standard_deviation_y": 1291.8688873961714
}