{
    "config_file": "perfect_data.json",
    "coef_determination": 1.0,
    "iterations": 5000,
    "learning_rate": 0.01,
    "theta": [
        [
            0.9999999999999946
        ],
        [
            4.855914888872913e-18
        ]
    ],
    "mean_x": 0.0,
    "mean_y": 8.0,
    "standard_deviation_x": 11.832159566199232,
    "standard_deviation_y": 43.77899039493715
}