{
    "config_file": "data.json",
    "coef_determination": 0.7329747078314965,
    "iterations": 5000,
    "learning_rate": 0.01,
    "theta": [
        [
            -0.8561394207904967
        ],
        [
            2.4360143531983536e-16
        ]
    ],
    "mean_x": 101066.25,
    "mean_y": 6331.833333333333,
    "standard_deviation_x": 51565.1899106445,
    "standard_deviation_y": 1291.8688873961714
}